{"cameraMode":{"drawMode":0,"name":"Shaded","section":"Shading Mode"},"sceneLighting":false,"audioPlay":false,"sceneViewState":{"showFog":true,"showMaterialUpdate":true,"showSkybox":true,"showFlares":true,"showImageEffects":true,"showParticleSystems":true},"in2DMode":false,"pivot":{"x":-29.478294372558595,"y":0.9368194341659546,"z":-9.52383804321289},"rotation":{"x":-0.14849378168582917,"y":0.6766565442085266,"z":-0.14211365580558778,"w":-0.7070284485816956},"size":4.480127811431885,"orthographic":false}